{
    "U12345": [
        {
            "food": "燕麥",
            "amount": 20,
            "protein": 2.613333,
            "fat": 1.6,
            "carb": 13.493333,
            "timestamp": "2025-12-03 23:10:45"
        }
    ],
    "U77777": []
}
